episode,mean_return,total_return,steps,mean_forward_prob
1,-0.681354,-3.406770,50,0.198785
2,-1.264399,-6.321996,50,0.229238
3,-1.077196,-5.385981,50,0.206295
4,-0.451259,-2.256296,50,0.244688
5,0.150636,0.753179,50,0.263179
6,-5.180233,-25.901166,50,0.220546
7,0.154286,0.771428,50,0.251915
8,-0.262471,-1.312357,50,0.231747
9,-0.302690,-1.513449,50,0.231587
10,-3.172527,-15.862635,50,0.154645
11,-0.623006,-3.115031,50,0.164205
12,0.130050,0.650250,50,0.164305
13,0.133821,0.669107,50,0.169228
14,0.131036,0.655179,50,0.165017
15,-3.146819,-15.734094,50,0.180286
16,0.133607,0.668036,50,0.195238
17,-0.643935,-3.219673,50,0.192755
18,-1.082278,-5.411391,50,0.174920
19,0.137157,0.685786,50,0.173991
20,0.136379,0.681893,50,0.168048
